name, url, categories
'.gitignore Templates', 'https://github.com/github/gitignore', ['Code Snippets']
'0 A.D.', 'https://github.com/0ad/0ad', ['Game']
'Actual', 'https://github.com/actualbudget/actual', ['Personal Finance']
'AdGuard Filters', 'https://github.com/AdguardTeam/AdguardFilters', ['Ad Blocking']
'ADIOS2', 'https://github.com/ornladios/ADIOS2', ['Adaptable I/O']
'Admnistrate', 'https://github.com/thoughtbot/administrate', ['Rails Admin Interface']
'Aesara', 'https://github.com/aesara-devs/aesara', ['Deep Learning / ML / AI']
'Airbyte', 'https://github.com/airbytehq/airbyte', ['Batch Processing', 'Workflow Orchestration']
'Airflow Guides', 'https://github.com/astronomer/airflow-guides', ['Documentation']
'Akka', 'https://github.com/akka/akka', ['App Dev']
'Alfresco', 'https://github.com/Alfresco/alfresco-community-repo', ['Content Management System (CMS)']
'Algorand', 'https://github.com/algorand/go-algorand', ['Blockchain']
'Alluxio', 'https://github.com/alluxio/alluxio', ['Storage']
'Alphafold', 'https://github.com/deepmind/alphafold', ['Deep Learning / ML / AI']
'AMP web component framework', 'https://github.com/ampproject/amphtml', ['Web Component Framework']
'Amplication', 'https://github.com/amplication/amplication', ['App Dev']
'Amundsen', 'https://github.com/amundsen-io/amundsen', ['Data Discovery']
'Anchore', 'https://github.com/anchore/anchore-engine', ['Container Management']
'Angular', 'https://github.com/angular/angular', ['Front-end Framework']
'animate.css', 'https://github.com/animate-css/animate.css', ['CSS Animation Library']
'Ansible', 'https://github.com/ansible/ansible', ['IT Automation Platform']
'Ant Design', 'https://github.com/ant-design/ant-design', ['React Libary']
'Apache Airflow', 'https://github.com/apache/airflow', ['Workflow Orchestration', 'Batch Processing']
'Apache APISIX', 'https://github.com/apache/apisix', ['Gateway']
'Apache Arrow', 'https://github.com/apache/arrow', ['In-Memory Processing']
'Apache Atlas', 'https://github.com/apache/atlas', ['Data Lineage']
'Apache Avro', 'https://github.com/apache/avro', ['Data Serialization']
'Apache Beam', 'https://github.com/apache/beam', ['Batch Processing', 'Stream Processing']
'Apache Bloodhound', 'https://github.com/apache/bloodhound', ['Productivity']
'Apache Calcite', 'https://github.com/apache/calcite', ['SQL Query Engine']
'Apache Cassandra', 'https://github.com/apache/cassandra', ['Database']
'Apache Celix', 'https://github.com/apache/celix', ['App Dev']
'Apache CFX', 'https://github.com/apache/cxf', ['App Dev']
'Apache Commons Codec', 'https://github.com/apache/commons-codec', ['Utilities']
'Apache Commons IO', 'https://github.com/apache/commons-io', ['Utilities']
'Apache Commons Lang', 'https://github.com/apache/commons-lang', ['Utilities']
'Apache CouchDB', 'https://github.com/apache/couchdb', ['Database']
'Apache DolphinScheduler', 'https://github.com/apache/dolphinscheduler', ['Workflow Orchestration']
'Apache Doris', 'https://github.com/apache/incubator-doris', ['Database']
'Apache Drill', 'https://github.com/apache/drill', ['SQL Query Engine']
'Apache Druid', 'https://github.com/apache/druid', ['Database']
'Apache Dubbo', 'https://github.com/apache/dubbo', ['RPC Framework']
'Apache Flink', 'https://github.com/apache/flink', ['Stream Processing', 'Batch Processing']
'Apache Hadoop', 'https://github.com/apache/hadoop', ['Data Processing Engine', 'Hadoop']
'Apache Hop', 'https://github.com/apache/hop', ['Workflow Orchestration', 'Batch Processing']
'Apache HTTP Server', 'https://github.com/apache/httpd', ['Web Server', 'Service Proxy']
'Apache HttpComponents Client', 'https://github.com/apache/httpcomponents-client', ['HTTP Client']
'Apache HttpComponents Core', 'https://github.com/apache/httpcomponents-core', ['HTTP Client']
'Apache Ignite', 'https://github.com/apache/ignite', ['Database']
'Apache Jakarta EE', 'https://github.com/jakartaee/jakarta.ee', ['Cloud Native Java']
'Apache Kafka', 'https://github.com/apache/kafka', ['Event Streaming Platform']
'Apache Maven', 'https://github.com/apache/maven', ['Collaboration']
'Apache Mesos', 'https://github.com/apache/mesos', ['Container Runtime']
'Apache MXNet', 'https://github.com/apache/incubator-mxnet', ['Deep Learning / ML / AI']
'Apache Netbeans', 'https://github.com/apache/netbeans', ['Code Editor']
'Apache OODT', 'https://github.com/apache/oodt', ['Batch Processing', 'Workflow Orchestration']
'Apache OpenJPA', 'https://github.com/apache/openjpa', ['Java Library']
'Apache Pinot', 'https://github.com/apache/pinot', ['Database']
'Apache Pivot', 'https://github.com/apache/pivot', ['App Dev']
'Apache Pulsar', 'https://github.com/apache/pulsar', ['Messaging']
'Apache Ranger', 'https://github.com/apache/ranger', ['Network Security', 'Hadoop']
'Apache RocketMQ', 'https://github.com/apache/rocketmq', ['Messaging']
'Apache Samza', 'https://github.com/apache/samza', ['Stream Processing', 'Hadoop']
'Apache ShardingSphere', 'https://github.com/apache/shardingsphere', ['Database']
'Apache SINGA', 'https://github.com/apache/singa', ['Deep Learning / ML / AI']
'Apache SkyWalking', 'https://github.com/apache/skywalking', ['Tracing']
'Apache Solr', 'https://github.com/apache/solr', ['Search Engine']
'Apache Spark', 'https://github.com/apache/spark', ['Data Processing Engine']
'Apache Storm', 'https://github.com/apache/storm', ['Stream Processing']
'Apache Subversion', 'https://github.com/apache/subversion', ['Version Control']
'Apache Superset', 'https://github.com/apache/superset', ['Data Visualization']
'Apache Thrift', 'https://github.com/apache/thrift', ['RPC Framework']
'Apache TinkerPop', 'https://github.com/apache/tinkerpop', ['Graph Computing']
'Apache Traffic Server', 'https://github.com/apache/trafficserver', ['Service Proxy']
'Apache Zookeeper', 'https://github.com/apache/zookeeper', ['Service Coordination']
'Apollo Client', 'https://github.com/apollographql/apollo-client', ['Front-end Framework']
'Apollo', 'https://github.com/apolloconfig/apollo', ['Infrastructure Configuration']
'AppFlowy Docs', 'https://github.com/AppFlowy-IO/AppFlowy-Docs', ['Documentation']
'AppFlowy', 'https://github.com/AppFlowy-IO/AppFlowy', ['Collaboration']
'Approzium', 'https://github.com/cyralinc/approzium', ['Auth']
'Appsmith', 'https://github.com/appsmithorg/appsmith', ['App Dev']
'Appwrite', 'https://github.com/appwrite/appwrite', ['Database']
'ArangoDB', 'https://github.com/arangodb/arangodb', ['Database']
'AresDB', 'https://github.com/uber/aresdb', ['Database']
'Argo CD', 'https://github.com/argoproj/argo-cd', ['Continuous Delivery']
'Argo Workflows', 'https://github.com/argoproj/argo-workflows', ['Batch Processing']
'Artifact Hub', 'https://github.com/artifacthub/hub', ['Package Management']
'Aseprite', 'https://github.com/aseprite/aseprite', ['Sprite Editor']
'Astro', 'https://github.com/astro-projects/astro', ['Batch Processing']
'Astronomer Providers', 'https://github.com/astronomer/astronomer-providers', ['Apache Airflow Provider']
'Async', 'https://github.com/caolan/async', ['Javascript Library']
'Athens', 'https://github.com/athensresearch/athens', ['Collaboration']
'Atom', 'https://github.com/atom/atom', ['Code Editor']
'Audacity', 'https://github.com/audacity/audacity', ['Audio Editor']
'Autocert', 'https://github.com/smallstep/autocert', ['TLS']
'Awesome Lists', 'https://github.com/sindresorhus/awesome', ['Learn to Code']
'Awesome Python', 'https://github.com/vinta/awesome-python', ['Learn to Code']
'Axios', 'https://github.com/axios/axios', ['HTTP Client']
'Axon Framework', 'https://github.com/AxonFramework/AxonFramework', ['App Dev']
'Azure Docs', 'https://github.com/MicrosoftDocs/azure-docs', ['Documentation']
'Babel', 'https://github.com/babel/babel', ['Javascript Compiler']
'Backstage', 'https://github.com/backstage/backstage', ['Developer Portal Platform']
'Badger', 'https://github.com/dgraph-io/badger', ['Database']
'Basis', 'https://github.com/basis-os/basis-devkit', ['Workflow Orchestration']
'Battle for Wesnoth', 'https://github.com/wesnoth/wesnoth', ['Game']
'Bazel', 'https://github.com/bazelbuild/bazel', ['Build Automation']
'Beats', 'https://github.com/elastic/beats', ['Logging', 'System Monitoring']
'BentoML', 'https://github.com/bentoml/BentoML', ['Deep Learning / ML / AI']
'Bevy', 'https://github.com/bevyengine/bevy', ['Game Engine']
'BFE', 'https://github.com/bfenetworks/bfe', ['Load Balancer']
'BigBlueButton', 'https://github.com/bigbluebutton/bigbluebutton', ['Video Conferencing']
'BigDL', 'https://github.com/intel-analytics/BigDL', ['Deep Learning / ML / AI']
'Bit', 'https://github.com/teambit/bit', ['App Dev']
'Bitrise', 'https://github.com/bitrise-io/bitrise', ['Continuous Delivery']
'Bitwarden', 'https://github.com/bitwarden/server', ['Password Management']
'Black', 'https://github.com/psf/black', ['Code Formatter']
'Blender', 'https://github.com/blender/blender', ['Creative Design']
'Blitz', 'https://github.com/blitz-js/blitz', ['App Dev']
'Bootstrap', 'https://github.com/twbs/bootstrap', ['Front-end Framework']
'Botpress', 'https://github.com/botpress/botpress', ['Chatbots']
'Brave Browser', 'https://github.com/brave/brave-browser', ['Web Browser']
'Brigade Metrics', 'https://github.com/brigadecore/brigade-metrics', ['System Monitoring']
'Brigade', 'https://github.com/brigadecore/brigade', ['Batch Processing']
'Budibase', 'https://github.com/Budibase/budibase', ['App Dev']
'Buf', 'https://github.com/bufbuild/buf', ['Data Management']
'Build your own X', 'https://github.com/danistefanovic/build-your-own-x', ['Learn to Code']
'Builder', 'https://github.com/BuilderIO/builder', ['Content Management System (CMS)']
'bundle', 'https://github.com/okikio/bundle', ['Build Automation']
'Cadence', 'https://github.com/uber/cadence', ['Batch Processing']
'Caffe', 'https://github.com/BVLC/caffe', ['Deep Learning / ML / AI']
'Cal.com', 'https://github.com/calcom/cal.com', ['Scheduling']
'calibre', 'https://github.com/kovidgoyal/calibre', ['E-book Manager']
'Calico', 'https://github.com/projectcalico/calico', ['Networking', 'Network Security']
'CareKit', 'https://github.com/carekit-apple/CareKit', ['Healthcare']
'Cataclysm DDA', 'https://github.com/CleverRaven/Cataclysm-DDA', ['Game']
'CDash', 'https://github.com/Kitware/CDash', ['Test Automation']
'Celery', 'https://github.com/celery/celery', ['Task Queuing']
'Ceph', 'https://github.com/ceph/ceph', ['File System']
'Cert Manager', 'https://github.com/jetstack/cert-manager', ['TLS']
'Chainer', 'https://github.com/chainer/chainer', ['Deep Learning / ML / AI']
'Changd', 'https://github.com/paschmann/changd', ['Web Monitoring']
'Charm', 'https://github.com/charmbracelet/charm', ['Terminal']
'Che Server', 'https://github.com/eclipse-che/che-server', ['Container Management']
'Chef Infra', 'https://github.com/chef/chef', ['Infrastructure Configuration']
'Chromium', 'https://github.com/chromium/chromium', ['Web Browser']
'Cilium', 'https://github.com/cilium/cilium', ['Network Security']
'CIRCT', 'https://github.com/llvm/circt', ['Compiler']
'Clair', 'https://github.com/quay/clair', ['Vulnerability Scanner']
'ClassQuiz', 'https://github.com/mawoka-myblock/classquiz', ['Quiz Application']
'ClearML', 'https://github.com/allegroai/clearml', ['MLOps Framework']
'ClickHouse', 'https://github.com/ClickHouse/ClickHouse', ['Database']
'Cloud Custodian', 'https://github.com/cloud-custodian/cloud-custodian', ['Network Security', 'Cost Allocation']
'CMake', 'https://gitlab.kitware.com/cmake/cmake', ['Build Automation']
'CMB', 'https://gitlab.kitware.com/cmb/cmb', ['Simulators']
'CNTK', 'https://github.com/Microsoft/CNTK', ['Deep Learning / ML / AI']
'CockroachDB', 'https://github.com/cockroachdb/cockroach', ['Database']
'code-server', 'https://github.com/coder/code-server', ['Code Editor']
'CodeSandbox', 'https://github.com/codesandbox/codesandbox-client', ['Code Editor']
'Coding Interview University', 'https://github.com/jwasham/coding-interview-university', ['Learn to Code']
'Colima', 'http://github.com/abiosoft/colima', ['Container Runtime']
'Collabora Online', 'https://github.com/CollaboraOnline/online', ['Integrated Office Suite']
'Compose', 'https://github.com/docker/compose', ['Infrastructure Configuration']
'Concourse', 'https://github.com/concourse/concourse', ['Continuous Delivery']
'Conductor', 'https://github.com/Netflix/conductor', ['Batch Processing']
'Consul', 'https://github.com/hashicorp/consul', ['Service Mesh']
'containerd', 'https://github.com/containerd/containerd', ['Container Runtime']
'Conversations', 'https://github.com/iNPUTmice/Conversations', ['Instant Messaging']
'Core ML Tools', 'https://github.com/apple/coremltools', ['Deep Learning / ML / AI']
'CoreDNS', 'https://github.com/coredns/coredns', ['DNS']
'Cortex', 'https://github.com/cortexproject/cortex', ['System Monitoring']
'Cosign', 'https://github.com/sigstore/cosign', ['Container Signing']
'Countly', 'https://github.com/Countly/countly-server', ['Web Analytics']
'Create React App', 'https://github.com/facebook/create-react-app', ['App Dev']
'Crontab UI', 'https://github.com/alseambusher/crontab-ui', ['Batch Processing']
'Crossplane', 'https://github.com/crossplane/crossplane', ['Kubernetes Management']
'Cube.js', 'https://github.com/cube-js/cube.js', ['Data Visualization']
'cURL', 'https://github.com/curl/curl', ['Utilities', 'HTTP Client']
'CyberChef', 'https://github.com/gchq/CyberChef', ['Cryptography']
'Cypress', 'https://github.com/cypress-io/cypress', ['Test Automation']
'd3', 'https://github.com/d3/d3', ['Javascript Library']
'Dagster', 'https://github.com/dagster-io/dagster', ['Workflow Orchestration', 'Batch Processing']
'Dapr', 'https://github.com/dapr/dapr', ['App Dev']
'darktable', 'https://github.com/darktable-org/darktable', ['Photography Workflow']
'darts', 'https://github.com/unit8co/darts', ['Python Library', 'Time Series Forecasting']
'Dash', 'https://github.com/plotly/dash', ['App Dev']
'Dask', 'https://github.com/dask/dask', ['Distributed Processing']
'Datahub', 'https://github.com/linkedin/datahub', ['Metadata Platform', 'Data Discovery']
'Dataplane', 'https://github.com/dataplane-app/dataplane', ['Batch Processing']
'DataRobot Provider for Apache Airflow', 'https://github.com/datarobot/airflow-provider-datarobot', ['Apache Airflow Provider']
'DataRobot User Models', 'https://github.com/datarobot/datarobot-user-models', ['Templates']
'Datasette', 'https://github.com/simonw/datasette', ['Data Exploration']
'DBND', 'https://github.com/databand-ai/dbnd', ['Metadata Platform', 'Data Observability']
'dbt', 'https://github.com/dbt-labs/dbt-core', ['Workflow Orchestration', 'Batch Processing']
'Deeplearning4j', 'https://github.com/deeplearning4j/deeplearning4j', ['Deep Learning / ML / AI']
'Deepmind Lab', 'https://github.com/deepmind/lab', ['Deep Learning / ML / AI']
'deepstream', 'https://github.com/deepstreamIO/deepstream.io', ['Event Streaming Platform']
'DefinitelyTyped', 'https://github.com/DefinitelyTyped/DefinitelyTyped', ['TypeScript Type Definitions']
'Delta Lake', 'https://github.com/delta-io/delta', ['Storage']
'Deno', 'https://github.com/denoland/deno', ['Javascript Runtime']
'DETR', 'https://github.com/facebookresearch/detr', ['Deep Learning / ML / AI']
'Developer Roadmap', 'https://github.com/kamranahmedse/developer-roadmap', ['Learn to Code']
'Devise', 'https://github.com/heartcombo/devise', ['Auth']
'DevToys', 'https://github.com/veler/DevToys', ['Learn to Code']
'dex', 'https://github.com/dexidp/dex', ['Auth']
'Dgraph Go Client', 'https://github.com/dgraph-io/dgo', ['Go Client']
'Dgraph', 'https://github.com/dgraph-io/dgraph', ['Database']
'Dgraph4j', 'https://github.com/dgraph-io/dgraph4j', ['Java Client']
'Digdag', 'https://github.com/treasure-data/digdag', ['Workflow Orchestration']
'Distribution', 'https://github.com/distribution/distribution', ['Container Registry']
'Django', 'https://github.com/django/django', ['App Dev']
'dlib', 'https://github.com/davisking/dlib', ['Deep Learning / ML / AI']
'DockerSlim', 'https://github.com/docker-slim/docker-slim', ['Container Runtime']
'Dolt', 'https://github.com/dolthub/dolt', ['Database']
'Doxygen', 'https://github.com/doxygen/doxygen', ['Documentation Generator']
'Drone', 'https://github.com/harness/drone', ['Continuous Delivery']
'Drupal', 'https://github.com/drupal/drupal', ['Content Management System (CMS)']
'Dungeon Crawl', 'https://github.com/crawl/crawl', ['Game']
'Dunk', 'https://github.com/darrenburns/dunk', ['Code Formatter']
'DVC', 'https://github.com/iterative/dvc', ['Data Version Control']
'Earthy', 'https://github.com/earthly/earthly', ['Continuous Delivery']
'EdgeDB', 'https://github.com/edgedb/edgedb', ['Database']
'EHRbase', 'https://github.com/ehrbase/ehrbase', ['Healthcare']
'Elasticsearch', 'https://github.com/elastic/elasticsearch', ['Search Engine']
'Electron', 'https://github.com/electron/electron', ['App Dev']
'Emacs', 'https://github.com/emacs-mirror/emacs', ['Code Editor']
'EMQ X Broker', 'https://github.com/emqx/emqx', ['Messaging']
'Envoy', 'https://github.com/envoyproxy/envoy', ['Service Proxy']
'erxes', 'https://github.com/erxes/erxes', ['Growth Marketing']
'etcd', 'https://github.com/etcd-io/etcd', ['Service Coordination']
'Eureka', 'https://github.com/Netflix/eureka', ['Service Proxy']
'Falcon+', 'https://github.com/open-falcon/falcon-plus', ['System Monitoring']
'FastAPI', 'https://github.com/tiangolo/fastapi', ['API Dev Framework']
'Fathom', 'https://github.com/usefathom/fathom', ['Web Analytics']
'Faust', 'https://github.com/faust-streaming/faust', ['Stream Processing', 'Python Library']
'feature-voting', 'https://github.com/thinkprojectgroup/feature-voting', ['Collaboration']
'Felvin', 'https://github.com/felvin-search/instant-apps', ['App Dev']
'FFmpeg', 'https://github.com/FFmpeg/FFmpeg', ['Multimedia Processing']
'FiftyOne', 'https://github.com/voxel51/fiftyone', ['Deep Learning / ML / AI']
'Fig', 'https://github.com/withfig/autocomplete', ['Terminal']
'FingerprintJS', 'https://github.com/fingerprintjs/fingerprintjs', ['Javascript Library']
'Firecracker', 'https://github.com/firecracker-microvm/firecracker', ['Container Runtime']
'Firezone', 'https://github.com/firezone/firezone', ['VPN']
'flannel', 'https://github.com/flannel-io/flannel', ['Networking']
'Flask App Builder', 'https://github.com/dpgaspar/Flask-AppBuilder', ['App Dev']
'Flask', 'https://github.com/pallets/flask', ['App Dev']
'flatpikr', 'https://github.com/flatpickr/flatpickr', ['Javascript Datetime Picker']
'Fleet', 'https://github.com/fleetdm/fleet', ['Device Management']
'FlowForge', 'https://github.com/flowforge/flowforge', ['App Dev']
'Fluentd', 'https://github.com/fluent/fluentd', ['Logging']
'Flutter', 'https://github.com/flutter/flutter', ['App Dev']
'Flyte', 'https://github.com/flyteorg/flyte', ['Batch Processing']
'Focalboard', 'https://github.com/mattermost/focalboard', ['Productivity']
'Font Awesome', 'https://github.com/FortAwesome/Font-Awesome', ['Icon Toolkit']
'Forem', 'https://github.com/forem/forem', ['Collaboration']
'FoundationDB', 'https://github.com/apple/foundationdb', ['Database']
'Free Programming Books', 'https://github.com/EbookFoundation/free-programming-books', ['Learn to Code']
'Freeciv', 'https://github.com/freeciv/freeciv', ['Game']
'FreeCodeCamp', 'https://github.com/freeCodeCamp/freeCodeCamp', ['Learn to Code']
'FreeMoCap', 'https://github.com/freemocap/freemocap', ['Motion Capture']
'Garden', 'https://github.com/garden-io/garden', ['Container Runtime']
'Gatling', 'https://github.com/gatling/gatling', ['Test Automation', 'Testing']
'Gatsby', 'https://github.com/gatsbyjs/gatsby', []
'Gecko', 'https://github.com/mozilla/gecko-dev', ['Web Browser']
'Gentoo Linux', 'https://github.com/gentoo/gentoo', ['Operating System']
'Gimp', 'https://gitlab.gnome.org/GNOME/gimp', ['Creative Design']
'Girder', 'https://github.com/girder/girder', ['Data Management']
'Git of Theseus', 'https://github.com/erikbern/git-of-theseus', ['Code Analysis / Analytics']
'Git', 'https://github.com/git/git', ['Version Control']
'Gitinspector', 'https://github.com/ejwa/gitinspector', ['Code Analysis / Analytics']
'Gitlab', 'https://gitlab.com/gitlab-org/gitlab', ['Version Control']
'Gitly', 'https://github.com/vlang/gitly', ['Version Control']
'Gitpod', 'https://github.com/gitpod-io/gitpod', ['App Dev']
'Gloo', 'https://github.com/solo-io/gloo', ['Gateway']
'GNU Compiler Collection', 'https://github.com/gcc-mirror/gcc', ['Compiler']
'go-zero', 'https://github.com/zeromicro/go-zero', ['RPC Framework']
'Go', 'https://github.com/golang/go', ['Programming Language']
'GoCD', 'https://github.com/gocd/gocd', ['Continuous Delivery']
'Godot', 'https://github.com/godotengine/godot', ['Game Engine']
'Gollum', 'https://github.com/gollum/gollum', ['Website Generator']
'GoTrue Javascript Library', 'https://github.com/netlify/gotrue-js', ['Javascript Library']
'GoTrue', 'https://github.com/netlify/gotrue', ['Auth']
'Gradle Build Tool', 'https://github.com/gradle/gradle', ['Build Automation']
'Grafana Loki', 'https://github.com/grafana/loki', ['Logging']
'Grafana', 'https://github.com/grafana/grafana', ['Data Visualization']
'GraphiQL', 'https://github.com/graphql/graphiql', ['API Query Language']
'Graphite-Web', 'https://github.com/graphite-project/graphite-web', ['System Monitoring']
'GraphQL Live Query', 'https://github.com/n1ru4l/graphql-live-query', ['Javascript Library']
'GraphQL-Yoga', 'https://github.com/dotansimha/graphql-yoga', ['Graph Computing']
'GraphQL.js', 'https://github.com/graphql/graphql-js', ['API Query Language']
'Graylog', 'https://github.com/Graylog2/graylog2-server', ['Logging']
'Great Expectations', 'https://github.com/great-expectations/great_expectations', ['Data Quality']
'Gretel Synthetics', 'https://github.com/gretelai/gretel-synthetics', ['Synthetic Data Generation']
'Grouparoo', 'https://github.com/grouparoo/grouparoo', ['Data Processing Engine']
'GrowthBook', 'https://github.com/growthbook/growthbook', ['Feature Flagging']
'gRPC', 'https://github.com/grpc/grpc', ['RPC Framework']
'Guava', 'https://github.com/google/guava', ['Java Library']
'Gun', 'https://github.com/amark/gun', ['Data Sync']
'gVisor', 'https://github.com/google/gvisor', ['Container Runtime']
'H2O', 'https://github.com/h2oai/h2o-3', ['Deep Learning / ML / AI']
'Hamilton', 'https://github.com/stitchfix/hamilton', ['Batch Processing', 'Workflow Orchestration']
'Handbrake', 'https://github.com/HandBrake/HandBrake', ['Video Transcoder']
'Harbor', 'https://github.com/goharbor/harbor', ['Container Registry']
'Hasura GraphQL Engine', 'https://github.com/hasura/graphql-engine', ['Data Serving']
'Headless Recorder', 'https://github.com/checkly/headless-recorder', ['Testing']
'Helm', 'https://github.com/helm/helm', ['Package Management']
'Hera', 'https://github.com/paypal/hera', ['Data Gateway']
'Hercules', 'https://github.com/src-d/hercules', ['Code Analysis / Analytics']
'HHVM', 'https://github.com/facebook/hhvm', ['Container Runtime']
'High-order Virtual Machine (HVM)', 'https://github.com/Kindelia/HVM', ['Rust Runtime']
'Highlight.js', 'https://github.com/highlightjs/highlight.js', ['Syntax Highlighting']
'history', 'https://github.com/remix-run/history', ['Javascript Library']
'Home Assistant', 'https://github.com/home-assistant/core', ['Home Automation']
'Homebrew Cask Versions', 'https://github.com/Homebrew/homebrew-cask-versions', ['Package Management']
'Homebrew Core', 'https://github.com/Homebrew/homebrew-core', ['Package Management']
'Homebrew', 'https://github.com/Homebrew/brew', ['Package Management']
'Hoppscotch', 'https://github.com/hoppscotch/hoppscotch', ['API Dev Framework']
'Hub', 'https://github.com/activeloopai/Hub', ['Database', 'Deep Learning / ML / AI']
'Hugo', 'https://github.com/gohugoio/hugo', ['Website Generator']
'Hypha', 'https://github.com/HyphaApp/hypha', ['Submission Management']
'iMSTK', 'https://gitlab.kitware.com/iMSTK/iMSTK', ['Simulators']
'InfluxDB', 'https://github.com/influxdata/influxdb', ['Database']
'inherits', 'https://github.com/isaacs/inherits', ['Javascript Library']
'isarray', 'http://github.com/juliangruber/isarray', ['Javascript Library']
'Istio', 'https://github.com/istio/istio', ['Service Mesh']
'ITK', 'https://github.com/InsightSoftwareConsortium/ITK', ['Image Processing']
'Jackson Core', 'https://github.com/FasterXML/jackson-core', ['Data Parsing']
'Jackson Databind', 'https://github.com/FasterXML/jackson-databind', ['Data Binding']
'Jaeger', 'https://github.com/jaegertracing/jaeger', ['Tracing']
'Javascript Algorithms', 'https://github.com/trekhleb/javascript-algorithms', ['Learn to Code']
'Javascript Style Guide', 'https://github.com/airbnb/javascript', ['Learn to Code']
'Jekyll', 'https://github.com/jekyll/jekyll', ['Website Generator']
'Jellyfin', 'https://github.com/jellyfin/jellyfin', ['Media Server']
'Jenkins', 'https://github.com/jenkinsci/jenkins', ['Continuous Delivery']
'JHipster', 'https://github.com/jhipster/generator-jhipster', ['App Dev']
'Jina', 'https://github.com/jina-ai/jina', ['Deep Learning / ML / AI']
'Jitsi', 'https://github.com/jitsi/jitsi-meet', ['Video Conferencing']
'Jooma! CMS', 'https://github.com/joomla/joomla-cms', ['Content Management System (CMS)']
'Joplin', 'https://github.com/laurent22/joplin', ['Productivity']
'jQuery', 'https://github.com/jquery/jquery', ['Javascript Library']
'Julia', 'https://github.com/JuliaLang/julia', ['Programming Language']
'JUnit', 'https://github.com/junit-team/junit5', ['Test Automation']
'Jupyter Notebook', 'https://github.com/jupyter/notebook', ['Web-Based Computing']
'K3s', 'https://github.com/k3s-io/k3s', ['Container Management']
'k6', 'https://github.com/grafana/k6', ['Testing']
'kafka-stack-docker-compose', 'https://github.com/conduktor/kafka-stack-docker-compose', ['Event Streaming Platform']
'kaniko', 'https://github.com/GoogleContainerTools/kaniko', ['Build Automation']
'Karapace', 'https://github.com/aiven/karapace', ['OSS Extensions']
'Karate', 'https://github.com/karatelabs/karate', ['Test Automation']
'Kata Containers V1', 'https://github.com/kata-containers/runtime', ['Container Runtime']
'Kata Containers V2', 'https://github.com/kata-containers/kata-containers', ['Container Runtime']
'KDE', 'https://github.com/gentoo/kde', ['Operating System']
'Kedro', 'https://github.com/kedro-org/kedro', ['Batch Processing']
'Keras', 'https://github.com/keras-team/keras', ['Deep Learning / ML / AI']
'Kestra', 'https://github.com/kestra-io/kestra', ['Workflow Orchestration', 'Batch Processing', 'Stream Processing']
'Keycloak', 'https://github.com/keycloak/keycloak', ['Auth']
'kind-of', 'http://github.com/jonschlinkert/kind-of', ['Javascript Library']
'kind', 'https://github.com/kubernetes-sigs/kind', ['Container Runtime']
'Knative Serving', 'https://github.com/knative/serving', ['Serverless']
'Kodi', 'https://github.com/xbmc/xbmc', ['Media Server']
'Kong', 'https://github.com/Kong/kong', ['Gateway']
'kOps', 'https://github.com/kubernetes/kops', ['Kubernetes Management']
'Kotlin', 'https://github.com/JetBrains/kotlin', ['Programming Language']
'Kraken', 'https://github.com/uber/kraken', ['Container Registry']
'kratos', 'https://github.com/go-kratos/kratos', ['RPC Framework']
'Kredis', 'https://github.com/rails/kredis', ['Database']
'Krita', 'https://github.com/KDE/krita', ['Digital Painting']
'KubeCost', 'https://github.com/kubecost/cost-model', ['Cost Allocation']
'KubeEdge', 'https://github.com/kubeedge/kubeedge', ['Container Management']
'Kubeflow', 'https://github.com/kubeflow/kubeflow', ['Batch Processing']
'Kubernetes', 'https://github.com/kubernetes/kubernetes', ['Container Management']
'KubeSphere', 'https://github.com/kubesphere/kubesphere', ['Container System']
'Kubespray', 'https://github.com/kubernetes-sigs/kubespray', ['Container Management']
'Laravel Core Framework', 'https://github.com/laravel/framework', ['App Dev']
'Laravel', 'https://github.com/laravel/laravel', ['App Dev']
'libgit2', 'https://github.com/libgit2/libgit2', ['C Library']
'LibreOffice', 'https://github.com/LibreOffice/core', ['Integrated Office Suite']
'LibreSprite', 'https://github.com/LibreSprite/LibreSprite', ['Sprite Editor']
'Linkerd', 'https://github.com/linkerd/linkerd2', ['Service Mesh']
'LinShare', 'https://github.com/linagora/linshare', ['Productivity']
'Linux', 'https://github.com/torvalds/linux', ['Operating System', 'Linux Distribution']
'LinuxKit', 'https://github.com/linuxkit/linuxkit', ['Linux Distribution']
'Listmonk', 'https://github.com/knadh/listmonk', ['Newsletter Manager']
'LittleLink', 'https://github.com/sethcottle/littlelink', ['Link Page']
'LLVM', 'https://github.com/llvm/llvm-project', ['Compiler']
'lodash', 'https://github.com/lodash/lodash', ['Javascript Library']
'logback', 'http://github.com/qos-ch/logback', ['Logging']
'Logstash', 'https://github.com/elastic/logstash', ['Logging']
'Lura', 'https://github.com/luraproject/lura', ['Gateway']
'Lurk', 'https://github.com/lurk-lang/lurk-rs', ['Programming Language']
'm3', 'https://github.com/m3db/m3', ['Database']
'Madmin', 'https://github.com/excid3/madmin', ['Rails Admin Interface']
'Magento', 'https://github.com/magento/magento2', ['e-commerce']
'Magma', 'https://github.com/Aleph-Alpha/magma', ['Deep Learning / ML / AI']
'MariaDB', 'https://github.com/MariaDB/server', ['Database']
'Marquez', 'https://github.com/MarquezProject/marquez', ['Data Lineage']
'Mastodon', 'https://github.com/mastodon/mastodon', ['Microblogging']
'Material UI', 'https://github.com/mui-org/material-ui', ['React Libary']
'Materialize', 'https://github.com/MaterializeInc/materialize', ['Database']
'Matplotlib', 'https://github.com/matplotlib/matplotlib', ['Data Visualization']
'Mattermost Server', 'https://github.com/mattermost/mattermost-server', ['Productivity']
'MediaWiki', 'https://github.com/wikimedia/mediawiki', ['Wiki']
'Medusa', 'https://github.com/medusajs/medusa', ['e-commerce']
'Meilisearch', 'https://github.com/meilisearch/meilisearch', ['Search Engine']
'Melpa', 'https://github.com/melpa/melpa', ['Package Management']
'Meltano', 'https://gitlab.com/meltano/meltano', ['Batch Processing']
'Mephisto', 'https://github.com/facebookresearch/Mephisto', ['Task Crowdsourcing']
'Mermaid', 'https://github.com/mermaid-js/mermaid', ['Diagramming']
'MessagePack', 'https://github.com/msgpack/msgpack', ['Specification']
'Metabase', 'https://github.com/metabase/metabase', ['Data Visualization']
'Metaflow', 'https://github.com/Netflix/metaflow', ['Batch Processing']
'Metaseq', 'https://github.com/facebookresearch/metaseq', ['Deep Learning / ML / AI']
'Meteor', 'https://github.com/meteor/meteor', ['App Dev']
'Micro Network', 'https://github.com/micro/network', ['Networking']
'MicroK8s', 'https://github.com/ubuntu/microk8s', ['Container Management']
'MindsDB', 'https://github.com/mindsdb/mindsdb', ['MLOps Framework']
'minikube', 'https://github.com/kubernetes/minikube', ['Container Management']
'Minio', 'https://github.com/minio/minio', ['Storage']
'MLFlow', 'https://github.com/mlflow/mlflow', ['Deep Learning / ML / AI']
'Moby Project', 'https://github.com/moby/moby', ['Container System']
'ModelDB', 'https://github.com/VertaAI/modeldb', ['Metadata Platform']
'Modin', 'https://github.com/modin-project/modin', ['Python Library']
'MONAI', 'https://github.com/Project-MONAI/MONAI', ['Image Processing']
'MongoDB', 'https://github.com/mongodb/mongo', ['Database']
'Monosi', 'https://github.com/monosidev/monosi', ['Data Observability']
'MPC-BE', 'https://github.com/CollinChaffin/MPC-BE', ['Media Player']
'MuJoCo', 'https://github.com/deepmind/mujoco', ['Deep Learning / ML / AI']
'Mule Community Edition', 'https://github.com/mulesoft/mule', ['Integration Platform']
'MySQL', 'https://github.com/mysql/mysql-server', ['Database']
'n8n', 'https://github.com/n8n-io/n8n', ['IT Automation Platform']
'Nacos', 'https://github.com/alibaba/nacos', ['Service Coordination']
'Nakama', 'https://github.com/heroiclabs/nakama', ['Game Engine']
'Nanos', 'https://github.com/nanovms/nanos', ['Container Runtime']
'NATS Server', 'https://github.com/nats-io/nats-server', ['Messaging']
'Neo4j', 'https://github.com/neo4j/neo4j', ['Database']
'neon', 'https://github.com/NervanaSystems/neon', ['Deep Learning / ML / AI']
'Nessie', 'https://github.com/projectnessie/nessie', ['Data Version Control']
'NetBSD', 'https://github.com/NetBSD/src', ['Operating System']
'Netdata', 'https://github.com/netdata/netdata', ['Performance Monitoring']
'Netlify CMS', 'https://github.com/netlify/netlify-cms', ['Content Management System (CMS)']
'Netmaker', 'https://github.com/gravitl/netmaker', ['VPN']
'Netty', 'https://github.com/netty/netty', ['Networking']
'NeuralForecast', 'https://github.com/Nixtla/neuralforecast', ['Deep Learning / ML / AI']
'Newman', 'https://github.com/postmanlabs/newman', ['Test Automation']
'Next.js', 'https://github.com/vercel/next.js', ['App Dev']
'nginx', 'https://github.com/nginx/nginx', ['Service Proxy', 'Web Server']
'Nhost', 'https://github.com/nhost/nhost', ['GraphQL Backend']
'Nixpkgs', 'https://github.com/NixOS/nixpkgs', ['Package Management']
'Nixtla', 'https://github.com/Nixtla/nixtla', ['Time Series Forecasting']
'NocoDB', 'https://github.com/nocodb/nocodb', ['Smart Spreadsheet']
'Nocode', 'https://github.com/kelseyhightower/nocode', ['Learn to Code']
'Node-RED', 'https://github.com/node-red/node-red', ['App Dev']
'Node', 'https://github.com/nodejs/node', ['Javascript Runtime']
'Nomad', 'https://github.com/hashicorp/nomad', ['Container Management']
'Notepad++', 'https://github.com/notepad-plus-plus/notepad-plus-plus', ['Text Editor']
'NumPy', 'https://github.com/numpy/numpy', ['Python Library']
'Oauth2 Proxy', 'https://github.com/oauth2-proxy/oauth2-proxy', ['Auth']
'OBS Studio', 'https://github.com/obsproject/obs-studio', ['Live Streaming']
'OCaml', 'https://github.com/ocaml/ocaml', ['Programming Language']
'Ockam', 'https://github.com/ockam-network/ockam', ['Auth']
'Octant', 'https://github.com/vmware-tanzu/octant', ['Kubernetes Management']
'Octokit', 'https://github.com/octokit/octokit.rb', ['Ruby Toolkit']
'Odoo', 'https://github.com/odoo/odoo', ['Enterprise Resource Planning (ERP)']
'ohmyzsh', 'https://github.com/ohmyzsh/ohmyzsh', ['zsh Configuration']
'OKD', 'https://github.com/openshift/okd', ['Container Management']
'One', 'https://github.com/One-Language/One', ['Programming Language']
'Open Metadata', 'https://github.com/open-metadata/OpenMetadata', ['Metadata Platform']
'Open Policy Agent (OPA)', 'https://github.com/open-policy-agent/opa', ['Policy Engine']
'Open Porous Media Simulators', 'https://github.com/OPM/opm-simulators', ['Simulators']
'Open Source Society University', 'https://github.com/ossu/computer-science', ['Learn to Code']
'Open ZFS', 'https://github.com/openzfs/zfs', ['File System']
'OpenAPI Specification', 'https://github.com/OAI/OpenAPI-Specification', ['Specification']
'OpenBBTerminal', 'https://github.com/OpenBB-finance/OpenBBTerminal', ['Market Terminal']
'OpenEBS', 'https://github.com/openebs/openebs', ['Storage']
'OpenEMR', 'https://github.com/openemr/openemr', ['Healthcare']
'OpenHV', 'https://github.com/OpenHV/OpenHV', ['Game']
'OpenLineage', 'https://github.com/OpenLineage/OpenLineage', ['Data Lineage', 'Specification']
'OpenRA', 'https://github.com/OpenRA/OpenRA', ['Game']
'OpenResty', 'https://github.com/openresty/openresty', ['Web Server']
'OpenSearch', 'https://github.com/opensearch-project/OpenSearch', ['Search Engine']
'OpenSpiel', 'https://github.com/deepmind/open_spiel', ['Deep Learning / ML / AI']
'OpenSSL', 'https://github.com/openssl/openssl', ['TLS']
'OpenTSDB', 'https://github.com/OpenTSDB/opentsdb', ['Database']
'OpenTTD', 'https://github.com/OpenTTD/OpenTTD', ['Game']
'Operator SDK', 'https://github.com/operator-framework/operator-sdk', ['Kubernetes SDK']
'OpMon', 'https://github.com/OpMonTeam/OpMon', ['Game']
'Opstrace', 'https://gitlab.com/gitlab-org/opstrace/opstrace', ['System Monitoring']
'Optic', 'https://github.com/opticdev/optic', ['Productivity']
'Orchest', 'https://github.com/orchest/orchest', ['Workflow Orchestration']
'OrientDB', 'https://github.com/orientechnologies/orientdb', ['Database']
'ORY Hydra', 'https://github.com/ory/hydra', ['Auth']
'OSEHRA VistA', 'https://github.com/WorldVistA/VistA', ['Healthcare']
'OsmAnd', 'https://github.com/osmandapp/OsmAnd', ['Mapping & Navigation']
'osquery', 'https://github.com/osquery/osquery', ['System Monitoring']
'OSSRank', 'https://github.com/ryw/ossrank_source', ['Open Source Ranking']
'Owl Link', 'https://gitlab.com/blocksurvey/owllink', ['Link Page']
'ownCloud', 'https://github.com/owncloud/core', ['Productivity']
'Pachyderm', 'https://github.com/pachyderm/pachyderm', ['Batch Processing']
'Packer', 'https://github.com/hashicorp/packer', ['Infrastructure Configuration']
'PaddlePaddle', 'https://github.com/PaddlePaddle/Paddle', ['Deep Learning / ML / AI']
'Pandas', 'https://github.com/pandas-dev/pandas', ['Python Library']
'Parabeac', 'https://github.com/Parabeac/parabeac_core', ['Productivity']
'ParaView', 'https://github.com/Kitware/ParaView', ['Data Visualization']
'Partytown', 'https://github.com/BuilderIO/partytown', ['Javascript Library']
'Passbolt', 'https://github.com/passbolt/passbolt_api', ['Password Management']
'PDF.js', 'https://github.com/mozilla/pdf.js', ['Javascript Library']
'Penpot', 'https://github.com/penpot/penpot', ['Prototyping']
'Perl', 'https://github.com/Perl/perl5', ['Programming Language']
'pg-extras', 'https://github.com/heroku/heroku-pg-extras', ['Heroku CLI Plugin']
'PGHoard', 'https://github.com/aiven/pghoard', ['Backup']
'pglookout', 'https://github.com/aiven/pglookout', ['Replication Monitoring']
'PhotoPrism', 'https://github.com/photoprism/photoprism', ['Photo Sharing']
'PHP', 'https://github.com/php/php-src', ['Programming Language']
'Pinboard Ruby Gem', 'https://github.com/ryw/pinboard', ['Ruby Gem']
'Pinpoint', 'https://github.com/pinpoint-apm/pinpoint', ['Performance Monitoring']
'Pixel8', 'https://github.com/vsmode/pixel8', ['Game Engine']
'Plausible Analytics', 'https://github.com/plausible/analytics', ['Web Analytics']
'Ploomber', 'https://github.com/ploomber/ploomber', ['Workflow Orchestration', 'Batch Processing']
'Plural', 'https://github.com/pluralsh/plural', ['App Deployment']
'Podman', 'https://github.com/containers/podman', ['Container Management']
'podStation', 'https://github.com/podStation/podStation', ['Chrome Extension']
'Portainer', 'https://github.com/portainer/portainer', ['Kubernetes Management']
'Portmaster', 'https://github.com/safing/portmaster', ['Network Security']
'postgres-meta', 'https://github.com/supabase/postgres-meta', ['Database']
'PostgresML', 'https://github.com/postgresml/postgresml', ['Deep Learning / ML / AI']
'PostgreSQL', 'https://github.com/postgres/postgres', ['Database']
'PostgREST', 'https://github.com/PostgREST/postgrest', ['Database']
'PostHog', 'https://github.com/PostHog/posthog', ['Web Analytics']
'PowerShell', 'https://github.com/PowerShell/PowerShell', ['Data Processing Engine']
'Prefect', 'https://github.com/PrefectHQ/prefect', ['Workflow Orchestration', 'Batch Processing']
'PrestaShop', 'https://github.com/PrestaShop/PrestaShop', ['e-commerce']
'Presto', 'https://github.com/prestodb/presto', ['SQL Query Engine']
'Prism', 'https://github.com/PrismJS/prism', ['Syntax Highlighting']
'Prisma', 'https://github.com/prisma/prisma', ['Javascript Library']
'Prometheus', 'https://github.com/prometheus/prometheus', ['System Monitoring']
'Protobuf (Protocol Buffers)', 'https://github.com/protocolbuffers/protobuf', ['Specification']
'Public APIs', 'https://github.com/public-apis/public-apis', ['Documentation']
'Publish', 'https://github.com/JohnSundell/Publish', ['Website Generator']
'Pulse Physiology Engine', 'https://gitlab.kitware.com/physiology/engine', ['Simulators']
'Pulumi', 'https://github.com/pulumi/pulumi', ['Infrastructure Configuration']
'Puppet', 'https://github.com/puppetlabs/puppet', ['Infrastructure Configuration']
'Puppeteer', 'https://github.com/puppeteer/puppeteer', ['Headless Chrome Node.js API']
'pydantic', 'https://github.com/samuelcolvin/pydantic', ['Python Library']
'pygit2', 'https://github.com/libgit2/pygit2', ['Python Library']
'Pyroscope', 'https://github.com/pyroscope-io/pyroscope', ['System Monitoring']
'PySC2', 'https://github.com/deepmind/pysc2', ['Deep Learning / ML / AI']
'Python Algorithms', 'https://github.com/TheAlgorithms/Python', ['Code Snippets']
'Python', 'https://github.com/python/cpython', ['Programming Language']
'PyTorch Lightning', 'https://github.com/PyTorchLightning/pytorch-lightning', ['Deep Learning / ML / AI']
'PyTorch', 'https://github.com/pytorch/pytorch', ['Deep Learning / ML / AI']
'Pyxel', 'https://github.com/kitao/pyxel', ['Game Engine']
'QA Wolf', 'https://github.com/qawolf/qawolf', ['Testing']
'Qdrant', 'https://github.com/qdrant/qdrant', ['Vector Similarity Search Engine']
'Qemu', 'https://github.com/qemu/qemu', ['Emulator']
'qs', 'http://github.com/ljharb/qs', ['Javascript Library']
'Quilt', 'https://github.com/quiltdata/quilt', ['Data Management']
'R', 'https://github.com/wch/r-source', ['Programming Language']
'RabbitMQ', 'https://github.com/rabbitmq/rabbitmq-server', ['Messaging']
'Radon', 'https://github.com/rubik/radon', ['Code Analysis / Analytics']
'Rails PG Extras', 'https://github.com/pawurb/rails-pg-extras', ['Code Analysis / Analytics']
'Rancher', 'https://github.com/rancher/rancher', ['Container Management']
'Rasa', 'https://github.com/RasaHQ/rasa', ['Deep Learning / ML / AI']
'Ray', 'https://github.com/ray-project/ray', ['Distributed Processing']
'RDoc', 'https://github.com/ruby/rdoc', ['Documentation Generator']
'React Native', 'https://github.com/facebook/react-native', ['Native App Framework']
'React Router', 'https://github.com/remix-run/react-router', ['React Libary']
'React', 'https://github.com/facebook/react', ['Javascript Library']
'Redis', 'https://github.com/redis/redis', ['Database']
'Redux', 'https://github.com/reduxjs/redux', ['Javascript Library']
'Redwood', 'https://github.com/redwoodjs/redwood', ['App Dev']
'Remix', 'https://github.com/remix-run/remix', ['App Dev']
'ResearchKit', 'https://github.com/ResearchKit/ResearchKit', ['Healthcare']
'ResInsight', 'https://github.com/OPM/ResInsight', ['3D Viewer']
'REST Assured', 'https://github.com/rest-assured/rest-assured', ['Test Automation']
'REST Client', 'https://github.com/rest-client/rest-client', ['Ruby REST Client']
'RethinkDB', 'https://github.com/rethinkdb/rethinkdb', ['Database']
'reveal.js', 'https://github.com/hakimel/reveal.js', ['HTML Presentation Framework']
'Ristretto', 'https://github.com/dgraph-io/ristretto', ['Caching']
'Rocket.Chat', 'https://github.com/RocketChat/Rocket.Chat', ['Collaboration']
'RocksDB', 'https://github.com/facebook/rocksdb', ['Database']
'Rook', 'https://github.com/rook/rook', ['File System']
'RPA Framework', 'https://github.com/robocorp/rpaframework', ['Robotic Process Automation (RPA)']
'RQ', 'https://github.com/rq/rq', ['Messaging', 'Python Library']
'Ruby on Rails', 'https://github.com/rails/rails', ['App Dev']
'Ruby Spec', 'https://github.com/ruby/spec', ['Specification']
'Ruby', 'https://github.com/ruby/ruby', ['Programming Language']
'RudderStack', 'https://github.com/rudderlabs/rudder-server', ['User Event Collection']
'Rugged', 'https://github.com/libgit2/rugged', ['Ruby Gem']
'runc', 'https://github.com/opencontainers/runc', ['Container Runtime']
'Rust', 'https://github.com/rust-lang/rust', ['Programming Language']
'RustDesk', 'https://github.com/rustdesk/rustdesk', ['Remote Desktop']
'Saleor Commerce', 'https://github.com/saleor/saleor', ['e-commerce']
'Salt Project', 'https://github.com/saltstack/salt', ['Infrastructure Configuration']
'Sanity', 'https://github.com/sanity-io/sanity', ['Productivity']
'scikit-learn', 'https://github.com/scikit-learn/scikit-learn', ['Deep Learning / ML / AI']
'Scylla', 'https://github.com/scylladb/scylla', ['Database']
'Seaborn', 'https://github.com/mwaskom/seaborn', ['Data Visualization']
'Seata', 'https://github.com/seata/seata', ['Distributed Transaction Management']
'Seldon Core', 'https://github.com/SeldonIO/seldon-core', ['Batch Processing', 'Deep Learning / ML / AI']
'Selenium', 'https://github.com/SeleniumHQ/selenium', ['Test Automation']
'Semantic UI', 'https://github.com/Semantic-Org/Semantic-UI', ['UI Component Framework']
'Semgrep', 'https://github.com/returntocorp/semgrep', ['Code Analysis / Analytics']
'Semver', 'https://github.com/semver/semver', ['Specification']
'Sensu', 'https://github.com/sensu/sensu-go', ['System Monitoring']
'Sentinel', 'https://github.com/alibaba/Sentinel', ['Gateway']
'Sentry', 'https://github.com/getsentry/sentry', ['Web Monitoring']
'Serenity Operating System', 'https://github.com/SerenityOS/serenity', ['Operating Systems']
'Serverless Stack (SST)', 'https://github.com/serverless-stack/serverless-stack', ['App Dev']
'ServiceTalk', 'https://github.com/apple/servicetalk', ['Networking']
'shapez.io', 'https://github.com/tobspr/shapez.io', ['Game']
'Shields', 'https://github.com/badges/shields', ['Badge Generation']
'Sh≈çgun', 'https://github.com/shogun-toolbox/shogun', ['Deep Learning / ML / AI']
'Shotcut', 'https://github.com/mltframework/shotcut', ['Video Editor']
'SigNoz', 'https://github.com/SigNoz/signoz', ['System Monitoring']
'Skaffold', 'https://github.com/GoogleContainerTools/skaffold', ['Continuous Delivery']
'Slicer', 'https://github.com/Slicer/Slicer', ['Data Visualization']
'Slint', 'https://github.com/slint-ui/slint', ['App Dev']
'Snorkel', 'https://github.com/snorkel-team/snorkel', ['Deep Learning / ML / AI']
'Snowpack', 'https://github.com/FredKSchott/snowpack', ['Build Automation']
'Snowplow', 'https://github.com/snowplow/snowplow', ['User Event Collection']
'Snyk', 'https://github.com/snyk/cli', ['Vulnerability Scanner']
'socket.io', 'https://github.com/socketio/socket.io', ['App Dev']
'Sogou C++ Workflow', 'https://github.com/sogou/workflow', ['App Dev']
'SonarLint for IntelliJ', 'https://github.com/SonarSource/sonarlint-intellij', ['Continuous Inspection']
'SonarLint', 'https://github.com/SonarSource/sonarlint-core', ['Continuous Inspection']
'SonarQube', 'https://github.com/SonarSource/sonarqube', ['Continuous Inspection']
'SonarSource for .NET', 'https://github.com/SonarSource/sonar-dotnet', ['Continuous Inspection']
'SonarSource for Java', 'https://github.com/SonarSource/sonar-java', ['Continuous Inspection']
'SonarSource for Javascript', 'https://github.com/SonarSource/SonarJS', ['Continuous Inspection']
'Sonnet', 'https://github.com/deepmind/sonnet', ['Deep Learning / ML / AI']
'Spacedrive', 'https://github.com/spacedriveapp/spacedrive', ['File Explorer']
'Spack', 'https://github.com/spack/spack', ['Package Management']
'spaCy', 'https://github.com/explosion/spaCy', ['Deep Learning / ML / AI']
'Speckle', 'https://github.com/specklesystems/speckle-server', ['Architectural Engineering and Construction (AEC)']
'Spinnaker', 'https://github.com/spinnaker/spinnaker', ['Continuous Delivery']
'Spring Boot', 'https://github.com/spring-projects/spring-boot', ['App Dev']
'Spring Framework', 'https://github.com/spring-projects/spring-framework', ['App Dev']
'Sprokit', 'https://github.com/Kitware/sprokit', ['Stream Processing']
'sroar', 'https://github.com/dgraph-io/sroar', ['Bitmap Serialization']
'StackStorm', 'https://github.com/stackstorm/st2', ['IT Automation Platform']
'Stargate', 'https://github.com/stargate/stargate', ['Data Gateway']
'Statsmodel', 'https://github.com/statsmodels/statsmodels', ['Time Series Forecasting']
'Step Certificates', 'https://github.com/smallstep/certificates', ['TLS']
'Step CLI', 'https://github.com/smallstep/cli', ['TLS']
'Stockfish', 'https://github.com/official-stockfish/Stockfish', ['Chess Engine']
'Storybook', 'https://github.com/storybookjs/storybook', ['UI Component Explorer']
'Strapi', 'https://github.com/strapi/strapi', ['Content Management System (CMS)']
'Streamlit', 'https://github.com/streamlit/streamlit', ['App Dev']
'styled components', 'https://github.com/styled-components/styled-components', ['Web Component Framework']
'Supabase Realtime', 'https://github.com/supabase/realtime', ['Database']
'Supabase Storage Middleware', 'https://github.com/supabase/storage-api', ['Storage']
'Supabase', 'https://github.com/supabase/supabase', ['Database']
'SuperTokens', 'https://github.com/supertokens/supertokens-core', ['Auth']
'Svelte', 'https://github.com/sveltejs/svelte', ['App Dev']
'SvelteKit', 'https://github.com/sveltejs/kit', ['App Dev']
'Swift Evolution', 'https://github.com/apple/swift-evolution', ['Documentation']
'Swift Package Manager', 'https://github.com/apple/swift-package-manager', ['Package Management']
'Swift', 'https://github.com/apple/swift', ['Programming Language']
'Symfony PHP Framework', 'https://github.com/symfony/symfony', ['App Dev']
'Synchronicity', 'https://github.com/erikbern/synchronicity', ['Python Library']
'sysdig', 'https://github.com/draios/sysdig', ['System Monitoring']
'System Design Primer', 'https://github.com/donnemartin/system-design-primer', ['Learn to Code']
'systemd', 'https://github.com/systemd/systemd', ['Service Coordination']
'Tailscale', 'https://github.com/tailscale/tailscale', ['Networking']
'tailwindcss', 'https://github.com/tailwindlabs/tailwindcss', ['CSS Framework']
'Tars', 'https://github.com/tarsCloud/tars', ['RPC Framework']
'TDengine', 'https://github.com/taosdata/TDengine', ['Database']
'Tekton Pipelines', 'https://github.com/tektoncd/pipeline', ['Continuous Delivery']
'Telegram Desktop', 'https://github.com/telegramdesktop/tdesktop', ['Messaging']
'Teleport', 'https://github.com/gravitational/teleport', ['Auth']
'Telepresence', 'https://github.com/telepresenceio/telepresence', ['Kubernetes Dev']
'Telescope', 'https://github.com/astronomer/telescope', ['System Monitoring']
'TeleSculptor', 'https://github.com/Kitware/TeleSculptor', ['Aerial Photogrammetry']
'Temporal', 'https://github.com/temporalio/temporal', ['Batch Processing']
'Tengine', 'https://github.com/alibaba/tengine', ['Web Server']
'TensorFlow Model Garden', 'https://github.com/tensorflow/models', ['Deep Learning / ML / AI']
'Tensorflow', 'https://github.com/tensorflow/tensorflow', ['Deep Learning / ML / AI']
'TerminusDB', 'https://github.com/terminusdb/terminusdb', ['Database']
'TerraForge3D', 'https://github.com/Jaysmito101/TerraForge3D', ['Terrain Generator']
'Terraform', 'https://github.com/hashicorp/terraform', ['Infrastructure Configuration']
'Testcontainers', 'https://github.com/testcontainers/testcontainers-java', ['Test Automation']
'TFLearn', 'https://github.com/tflearn/tflearn', ['Deep Learning / ML / AI']
'Thanos', 'https://github.com/thanos-io/thanos', ['System Monitoring']
'Three.js', 'https://github.com/mrdoob/three.js', ['Javascript Library']
'TiDB', 'https://github.com/pingcap/tidb', ['Database']
'TiddlyWiki', 'https://github.com/Jermolene/TiddlyWiki5', ['Wiki']
'TiKV', 'https://github.com/tikv/tikv', ['Database']
'Tilt', 'https://github.com/tilt-dev/tilt', ['Container Runtime', 'Kubernetes Dev']
'TimescaleDB', 'https://github.com/timescale/timescaledb', ['Database']
'tldraw', 'https://github.com/tldraw/tldraw', ['Collaboration']
'Tmail Flutter', 'https://github.com/linagora/tmail-flutter', ['Email Client']
'Tokern Lineage Engine', 'https://github.com/tokern/data-lineage', ['Data Lineage']
'TOML', 'https://github.com/toml-lang/toml', ['Programming Language']
'Tomviz', 'https://github.com/openchemistry/tomviz', ['Image Processing']
'Tooljet', 'https://github.com/tooljet/tooljet', ['App Dev']
'Tor', 'https://github.com/torproject/tor', ['Privacy']
'Traefik', 'https://github.com/traefik/traefik', ['Service Proxy']
'Transformers', 'https://github.com/huggingface/transformers', ['Deep Learning / ML / AI']
'Trino', 'https://github.com/trinodb/trino', ['Database']
'Trivy', 'https://github.com/aquasecurity/trivy', ['Vulnerability Scanner']
'Trix', 'https://github.com/basecamp/trix', ['Text Editor']
'TTS', 'https://github.com/coqui-ai/tts', ['Deep Learning / ML / AI']
'tui-rs', 'https://github.com/fdehau/tui-rs', ['Data Visualization']
'Tuva', 'https://github.com/tuva-health/tuva', ['Healthcare']
'Twake', 'https://github.com/linagora/Twake', ['Productivity']
'Tyk', 'https://github.com/TykTechnologies/tyk', ['Gateway']
'TypeScript', 'https://github.com/microsoft/TypeScript', ['Javascript Dialect']
'Uberduck TTS', 'https://github.com/uberduck-ai/uberduck-ml-dev', ['Deep Learning / ML / AI']
'Universal Scene Description', 'https://github.com/PixarAnimationStudios/USD', ['3D Dev']
'Unleash', 'https://github.com/Unleash/unleash', ['Feature Flagging']
'Uno', 'https://github.com/unoplatform/uno', ['App Dev']
'Unpkg', 'https://github.com/mjackson/unpkg', ['Content Delivery Network (CDN)']
'V', 'https://github.com/vlang/v', ['Programming Language']
'Vaadin Framework', 'https://github.com/vaadin/framework', ['App Dev']
'Vault', 'https://github.com/hashicorp/vault', ['Secrets Management']
'Vector', 'https://github.com/vectordotdev/vector', ['System Monitoring']
'Velero', 'https://github.com/vmware-tanzu/velero', ['Backup']
'Veloren', 'https://gitlab.com/veloren/veloren', ['Game']
'VeraCrypt', 'https://github.com/veracrypt/VeraCrypt', ['Encryption']
'Vespa', 'https://github.com/vespa-engine/vespa', ['Data Serving']
'VIAME', 'https://github.com/VIAME/VIAME', ['Deep Learning / ML / AI']
'VictoriaMetrics', 'https://github.com/VictoriaMetrics/VictoriaMetrics', ['System Monitoring']
'Visual Studio Code', 'https://github.com/microsoft/vscode', ['Code Editor', 'Text Editor']
'Vitess', 'https://github.com/vitessio/vitess', ['Database']
'VLC', 'https://github.com/videolan/vlc', ['Media Player']
'Volley', 'https://github.com/shipt/py-volley', ['Python Library']
'VTK', 'https://gitlab.kitware.com/vtk/vtk', ['Image Processing']
'Vue.js', 'https://github.com/vuejs/vue', ['Front-end Framework']
'Wagtail', 'https://github.com/wagtail/wagtail', ['Content Management System (CMS)']
'Warden', 'https://github.com/wardencommunity/warden', ['Auth']
'Wasmer', 'https://github.com/wasmerio/wasmer', ['Container Runtime']
'Weave Net', 'https://github.com/weaveworks/weave', ['Container Management']
'WebdriverIO', 'https://github.com/webdriverio/webdriverio', ['Test Automation']
'WebKit', 'https://github.com/WebKit/WebKit', ['Web Browser']
'Webpack', 'https://github.com/webpack/webpack', ['Javascript Bundler']
'WEKA', 'https://github.com/Waikato/weka-trunk', ['Deep Learning / ML / AI']
'Whale', 'https://github.com/hyperqueryhq/whale', ['SQL Query Engine']
'Widelands', 'https://github.com/widelands/widelands', ['Game']
'Windows Terminal', 'https://github.com/microsoft/terminal', ['OSS Extensions']
'Wireguard Android', 'https://github.com/WireGuard/wireguard-android', ['VPN']
'Wireguard Apple', 'https://github.com/WireGuard/wireguard-apple', ['VPN']
'Wireguard Go', 'https://github.com/WireGuard/wireguard-go', ['VPN']
'Wireguard Linux', 'https://github.com/WireGuard/wireguard-linux', ['VPN']
'Wireguard Windows', 'https://github.com/WireGuard/wireguard-windows', ['VPN']
'WordPress', 'https://github.com/WordPress/WordPress', ['Content Management System (CMS)']
'Wyvern Protocol', 'https://github.com/wyvernprotocol/wyvern-v3', ['Ethereum Implementation']
'Yaetos', 'https://github.com/arthurprevot/yaetos', ['Batch Processing']
'YAML Spec', 'https://github.com/yaml/yaml-spec', ['Specification']
'ydata-synthetic', 'https://github.com/ydataai/ydata-synthetic', ['Synthetic Data Generation']
'YDB', 'https://github.com/ydb-platform/ydb', ['Database']
'You Don't Know JS Yet', 'https://github.com/getify/You-Dont-Know-JS', ['Learn to Code']
'youtube-dl', 'https://github.com/ytdl-org/youtube-dl', ['Utilities']
'YugabyteDB', 'https://github.com/yugabyte/yugabyte-db', ['Database']
'ZenML', 'https://github.com/zenml-io/zenml', ['MLOps Framework']
'Zephyr', 'https://github.com/zephyrproject-rtos/zephyr', ['Operating System']
'ZeroMQ', 'https://github.com/zeromq/libzmq', ['Messaging']
'Zinc', 'https://github.com/prabhatsharma/zinc', ['Search Engine']
'Zipkin', 'https://github.com/openzipkin/zipkin', ['Tracing']
'Zuul', 'https://github.com/Netflix/zuul', ['Gateway']
